"City, State",Data Centers,Environmental Burden,Policy Response,Community Voice
"Ashburn, VA",48,"Ashburn, VA shows a very high cumulative footprint due to clustering of ~48 data centers. Key pressures include: (1) rapid electricity load growth requiring grid upgrades and potentially higher rates; (2) cooling energy and, where evaporative systems are used, sizable freshwater consumption and heat rejection; (3) backup‑generator NOx/PM during testing or grid events; (4) noise from chillers and rooftop equipment; (5) conversion of industrial/greenfield parcels into large warehouse campuses increasing impervious surface and traffic.","Recommended actions for Ashburn, VA: update zoning to explicitly define data‑center use; apply overlay districts with buffers, height/noise standards and generator‑testing limits; require annual public reporting of electricity and water use; set performance standards (PUE/WUE targets), closed‑loop or non‑potable cooling where feasible; tie tax abatements to Community Benefit Agreements (CBAs) for workforce training, stormwater/road improvements and public Wi‑Fi; coordinate interconnection and capacity planning with utilities; encourage on‑site/near‑site renewable procurement or PPAs; deploy construction traffic management and heat‑island mitigation (trees, cool roofs).","Residents and local groups in Ashburn, VA commonly raise concerns about 24/7 noise, diesel generator testing, water draw in hot months, and transparency of tax deals. Community priorities include earlier notice and public hearings, third‑party environmental reviews, monitoring sensors for noise/air, and negotiated CBAs that fund local education, job training, and green space in buffer zones."
"Dallas, TX",46,"Dallas, TX shows a very high cumulative footprint due to clustering of ~46 data centers. Key pressures include: (1) rapid electricity load growth requiring grid upgrades and potentially higher rates; (2) cooling energy and, where evaporative systems are used, sizable freshwater consumption and heat rejection; (3) backup‑generator NOx/PM during testing or grid events; (4) noise from chillers and rooftop equipment; (5) conversion of industrial/greenfield parcels into large warehouse campuses increasing impervious surface and traffic.","Recommended actions for Dallas, TX: update zoning to explicitly define data‑center use; apply overlay districts with buffers, height/noise standards and generator‑testing limits; require annual public reporting of electricity and water use; set performance standards (PUE/WUE targets), closed‑loop or non‑potable cooling where feasible; tie tax abatements to Community Benefit Agreements (CBAs) for workforce training, stormwater/road improvements and public Wi‑Fi; coordinate interconnection and capacity planning with utilities; encourage on‑site/near‑site renewable procurement or PPAs; deploy construction traffic management and heat‑island mitigation (trees, cool roofs).","Residents and local groups in Dallas, TX commonly raise concerns about 24/7 noise, diesel generator testing, water draw in hot months, and transparency of tax deals. Community priorities include earlier notice and public hearings, third‑party environmental reviews, monitoring sensors for noise/air, and negotiated CBAs that fund local education, job training, and green space in buffer zones."
"Santa Clara, CA",38,"Santa Clara, CA shows a very high cumulative footprint due to clustering of ~38 data centers. Key pressures include: (1) rapid electricity load growth requiring grid upgrades and potentially higher rates; (2) cooling energy and, where evaporative systems are used, sizable freshwater consumption and heat rejection; (3) backup‑generator NOx/PM during testing or grid events; (4) noise from chillers and rooftop equipment; (5) conversion of industrial/greenfield parcels into large warehouse campuses increasing impervious surface and traffic.","Recommended actions for Santa Clara, CA: update zoning to explicitly define data‑center use; apply overlay districts with buffers, height/noise standards and generator‑testing limits; require annual public reporting of electricity and water use; set performance standards (PUE/WUE targets), closed‑loop or non‑potable cooling where feasible; tie tax abatements to Community Benefit Agreements (CBAs) for workforce training, stormwater/road improvements and public Wi‑Fi; coordinate interconnection and capacity planning with utilities; encourage on‑site/near‑site renewable procurement or PPAs; deploy construction traffic management and heat‑island mitigation (trees, cool roofs).","Residents and local groups in Santa Clara, CA commonly raise concerns about 24/7 noise, diesel generator testing, water draw in hot months, and transparency of tax deals. Community priorities include earlier notice and public hearings, third‑party environmental reviews, monitoring sensors for noise/air, and negotiated CBAs that fund local education, job training, and green space in buffer zones."
"Chicago, IL",37,"Chicago, IL shows a very high cumulative footprint due to clustering of ~37 data centers. Key pressures include: (1) rapid electricity load growth requiring grid upgrades and potentially higher rates; (2) cooling energy and, where evaporative systems are used, sizable freshwater consumption and heat rejection; (3) backup‑generator NOx/PM during testing or grid events; (4) noise from chillers and rooftop equipment; (5) conversion of industrial/greenfield parcels into large warehouse campuses increasing impervious surface and traffic.","Recommended actions for Chicago, IL: update zoning to explicitly define data‑center use; apply overlay districts with buffers, height/noise standards and generator‑testing limits; require annual public reporting of electricity and water use; set performance standards (PUE/WUE targets), closed‑loop or non‑potable cooling where feasible; tie tax abatements to Community Benefit Agreements (CBAs) for workforce training, stormwater/road improvements and public Wi‑Fi; coordinate interconnection and capacity planning with utilities; encourage on‑site/near‑site renewable procurement or PPAs; deploy construction traffic management and heat‑island mitigation (trees, cool roofs).","Residents and local groups in Chicago, IL commonly raise concerns about 24/7 noise, diesel generator testing, water draw in hot months, and transparency of tax deals. Community priorities include earlier notice and public hearings, third‑party environmental reviews, monitoring sensors for noise/air, and negotiated CBAs that fund local education, job training, and green space in buffer zones."
"Los Angeles, CA",37,"Los Angeles, CA shows a very high cumulative footprint due to clustering of ~37 data centers. Key pressures include: (1) rapid electricity load growth requiring grid upgrades and potentially higher rates; (2) cooling energy and, where evaporative systems are used, sizable freshwater consumption and heat rejection; (3) backup‑generator NOx/PM during testing or grid events; (4) noise from chillers and rooftop equipment; (5) conversion of industrial/greenfield parcels into large warehouse campuses increasing impervious surface and traffic.","Recommended actions for Los Angeles, CA: update zoning to explicitly define data‑center use; apply overlay districts with buffers, height/noise standards and generator‑testing limits; require annual public reporting of electricity and water use; set performance standards (PUE/WUE targets), closed‑loop or non‑potable cooling where feasible; tie tax abatements to Community Benefit Agreements (CBAs) for workforce training, stormwater/road improvements and public Wi‑Fi; coordinate interconnection and capacity planning with utilities; encourage on‑site/near‑site renewable procurement or PPAs; deploy construction traffic management and heat‑island mitigation (trees, cool roofs).","Residents and local groups in Los Angeles, CA commonly raise concerns about 24/7 noise, diesel generator testing, water draw in hot months, and transparency of tax deals. Community priorities include earlier notice and public hearings, third‑party environmental reviews, monitoring sensors for noise/air, and negotiated CBAs that fund local education, job training, and green space in buffer zones."
"Atlanta, GA",33,"Atlanta, GA shows a very high cumulative footprint due to clustering of ~33 data centers. Key pressures include: (1) rapid electricity load growth requiring grid upgrades and potentially higher rates; (2) cooling energy and, where evaporative systems are used, sizable freshwater consumption and heat rejection; (3) backup‑generator NOx/PM during testing or grid events; (4) noise from chillers and rooftop equipment; (5) conversion of industrial/greenfield parcels into large warehouse campuses increasing impervious surface and traffic.","Recommended actions for Atlanta, GA: update zoning to explicitly define data‑center use; apply overlay districts with buffers, height/noise standards and generator‑testing limits; require annual public reporting of electricity and water use; set performance standards (PUE/WUE targets), closed‑loop or non‑potable cooling where feasible; tie tax abatements to Community Benefit Agreements (CBAs) for workforce training, stormwater/road improvements and public Wi‑Fi; coordinate interconnection and capacity planning with utilities; encourage on‑site/near‑site renewable procurement or PPAs; deploy construction traffic management and heat‑island mitigation (trees, cool roofs).","Residents and local groups in Atlanta, GA commonly raise concerns about 24/7 noise, diesel generator testing, water draw in hot months, and transparency of tax deals. Community priorities include earlier notice and public hearings, third‑party environmental reviews, monitoring sensors for noise/air, and negotiated CBAs that fund local education, job training, and green space in buffer zones."
"New York, NY",26,"New York, NY shows a very high cumulative footprint due to clustering of ~26 data centers. Key pressures include: (1) rapid electricity load growth requiring grid upgrades and potentially higher rates; (2) cooling energy and, where evaporative systems are used, sizable freshwater consumption and heat rejection; (3) backup‑generator NOx/PM during testing or grid events; (4) noise from chillers and rooftop equipment; (5) conversion of industrial/greenfield parcels into large warehouse campuses increasing impervious surface and traffic.","Recommended actions for New York, NY: update zoning to explicitly define data‑center use; apply overlay districts with buffers, height/noise standards and generator‑testing limits; require annual public reporting of electricity and water use; set performance standards (PUE/WUE targets), closed‑loop or non‑potable cooling where feasible; tie tax abatements to Community Benefit Agreements (CBAs) for workforce training, stormwater/road improvements and public Wi‑Fi; coordinate interconnection and capacity planning with utilities; encourage on‑site/near‑site renewable procurement or PPAs; deploy construction traffic management and heat‑island mitigation (trees, cool roofs).","Residents and local groups in New York, NY commonly raise concerns about 24/7 noise, diesel generator testing, water draw in hot months, and transparency of tax deals. Community priorities include earlier notice and public hearings, third‑party environmental reviews, monitoring sensors for noise/air, and negotiated CBAs that fund local education, job training, and green space in buffer zones."
"Phoenix, AZ",23,"Phoenix, AZ shows a very high cumulative footprint due to clustering of ~23 data centers. Key pressures include: (1) rapid electricity load growth requiring grid upgrades and potentially higher rates; (2) cooling energy and, where evaporative systems are used, sizable freshwater consumption and heat rejection; (3) backup‑generator NOx/PM during testing or grid events; (4) noise from chillers and rooftop equipment; (5) conversion of industrial/greenfield parcels into large warehouse campuses increasing impervious surface and traffic.","Recommended actions for Phoenix, AZ: update zoning to explicitly define data‑center use; apply overlay districts with buffers, height/noise standards and generator‑testing limits; require annual public reporting of electricity and water use; set performance standards (PUE/WUE targets), closed‑loop or non‑potable cooling where feasible; tie tax abatements to Community Benefit Agreements (CBAs) for workforce training, stormwater/road improvements and public Wi‑Fi; coordinate interconnection and capacity planning with utilities; encourage on‑site/near‑site renewable procurement or PPAs; deploy construction traffic management and heat‑island mitigation (trees, cool roofs).","Residents and local groups in Phoenix, AZ commonly raise concerns about 24/7 noise, diesel generator testing, water draw in hot months, and transparency of tax deals. Community priorities include earlier notice and public hearings, third‑party environmental reviews, monitoring sensors for noise/air, and negotiated CBAs that fund local education, job training, and green space in buffer zones."
"Houston, TX",21,"Houston, TX shows a very high cumulative footprint due to clustering of ~21 data centers. Key pressures include: (1) rapid electricity load growth requiring grid upgrades and potentially higher rates; (2) cooling energy and, where evaporative systems are used, sizable freshwater consumption and heat rejection; (3) backup‑generator NOx/PM during testing or grid events; (4) noise from chillers and rooftop equipment; (5) conversion of industrial/greenfield parcels into large warehouse campuses increasing impervious surface and traffic.","Recommended actions for Houston, TX: update zoning to explicitly define data‑center use; apply overlay districts with buffers, height/noise standards and generator‑testing limits; require annual public reporting of electricity and water use; set performance standards (PUE/WUE targets), closed‑loop or non‑potable cooling where feasible; tie tax abatements to Community Benefit Agreements (CBAs) for workforce training, stormwater/road improvements and public Wi‑Fi; coordinate interconnection and capacity planning with utilities; encourage on‑site/near‑site renewable procurement or PPAs; deploy construction traffic management and heat‑island mitigation (trees, cool roofs).","Residents and local groups in Houston, TX commonly raise concerns about 24/7 noise, diesel generator testing, water draw in hot months, and transparency of tax deals. Community priorities include earlier notice and public hearings, third‑party environmental reviews, monitoring sensors for noise/air, and negotiated CBAs that fund local education, job training, and green space in buffer zones."
"Hillsboro, OR",20,"Hillsboro, OR shows a very high cumulative footprint due to clustering of ~20 data centers. Key pressures include: (1) rapid electricity load growth requiring grid upgrades and potentially higher rates; (2) cooling energy and, where evaporative systems are used, sizable freshwater consumption and heat rejection; (3) backup‑generator NOx/PM during testing or grid events; (4) noise from chillers and rooftop equipment; (5) conversion of industrial/greenfield parcels into large warehouse campuses increasing impervious surface and traffic.","Recommended actions for Hillsboro, OR: update zoning to explicitly define data‑center use; apply overlay districts with buffers, height/noise standards and generator‑testing limits; require annual public reporting of electricity and water use; set performance standards (PUE/WUE targets), closed‑loop or non‑potable cooling where feasible; tie tax abatements to Community Benefit Agreements (CBAs) for workforce training, stormwater/road improvements and public Wi‑Fi; coordinate interconnection and capacity planning with utilities; encourage on‑site/near‑site renewable procurement or PPAs; deploy construction traffic management and heat‑island mitigation (trees, cool roofs).","Residents and local groups in Hillsboro, OR commonly raise concerns about 24/7 noise, diesel generator testing, water draw in hot months, and transparency of tax deals. Community priorities include earlier notice and public hearings, third‑party environmental reviews, monitoring sensors for noise/air, and negotiated CBAs that fund local education, job training, and green space in buffer zones."
"Sterling, VA",19,"Sterling, VA shows a high cumulative footprint due to clustering of ~19 data centers. Key pressures include: (1) rapid electricity load growth requiring grid upgrades and potentially higher rates; (2) cooling energy and, where evaporative systems are used, sizable freshwater consumption and heat rejection; (3) backup‑generator NOx/PM during testing or grid events; (4) noise from chillers and rooftop equipment; (5) conversion of industrial/greenfield parcels into large warehouse campuses increasing impervious surface and traffic.","Recommended actions for Sterling, VA: update zoning to explicitly define data‑center use; apply overlay districts with buffers, height/noise standards and generator‑testing limits; require annual public reporting of electricity and water use; set performance standards (PUE/WUE targets), closed‑loop or non‑potable cooling where feasible; tie tax abatements to Community Benefit Agreements (CBAs) for workforce training, stormwater/road improvements and public Wi‑Fi; coordinate interconnection and capacity planning with utilities; encourage on‑site/near‑site renewable procurement or PPAs; deploy construction traffic management and heat‑island mitigation (trees, cool roofs).","Residents and local groups in Sterling, VA commonly raise concerns about 24/7 noise, diesel generator testing, water draw in hot months, and transparency of tax deals. Community priorities include earlier notice and public hearings, third‑party environmental reviews, monitoring sensors for noise/air, and negotiated CBAs that fund local education, job training, and green space in buffer zones."
"Miami, FL",19,"Miami, FL shows a high cumulative footprint due to clustering of ~19 data centers. Key pressures include: (1) rapid electricity load growth requiring grid upgrades and potentially higher rates; (2) cooling energy and, where evaporative systems are used, sizable freshwater consumption and heat rejection; (3) backup‑generator NOx/PM during testing or grid events; (4) noise from chillers and rooftop equipment; (5) conversion of industrial/greenfield parcels into large warehouse campuses increasing impervious surface and traffic.","Recommended actions for Miami, FL: update zoning to explicitly define data‑center use; apply overlay districts with buffers, height/noise standards and generator‑testing limits; require annual public reporting of electricity and water use; set performance standards (PUE/WUE targets), closed‑loop or non‑potable cooling where feasible; tie tax abatements to Community Benefit Agreements (CBAs) for workforce training, stormwater/road improvements and public Wi‑Fi; coordinate interconnection and capacity planning with utilities; encourage on‑site/near‑site renewable procurement or PPAs; deploy construction traffic management and heat‑island mitigation (trees, cool roofs).","Residents and local groups in Miami, FL commonly raise concerns about 24/7 noise, diesel generator testing, water draw in hot months, and transparency of tax deals. Community priorities include earlier notice and public hearings, third‑party environmental reviews, monitoring sensors for noise/air, and negotiated CBAs that fund local education, job training, and green space in buffer zones."
"Seattle, WA",18,"Seattle, WA shows a high cumulative footprint due to clustering of ~18 data centers. Key pressures include: (1) rapid electricity load growth requiring grid upgrades and potentially higher rates; (2) cooling energy and, where evaporative systems are used, sizable freshwater consumption and heat rejection; (3) backup‑generator NOx/PM during testing or grid events; (4) noise from chillers and rooftop equipment; (5) conversion of industrial/greenfield parcels into large warehouse campuses increasing impervious surface and traffic.","Recommended actions for Seattle, WA: update zoning to explicitly define data‑center use; apply overlay districts with buffers, height/noise standards and generator‑testing limits; require annual public reporting of electricity and water use; set performance standards (PUE/WUE targets), closed‑loop or non‑potable cooling where feasible; tie tax abatements to Community Benefit Agreements (CBAs) for workforce training, stormwater/road improvements and public Wi‑Fi; coordinate interconnection and capacity planning with utilities; encourage on‑site/near‑site renewable procurement or PPAs; deploy construction traffic management and heat‑island mitigation (trees, cool roofs).","Residents and local groups in Seattle, WA commonly raise concerns about 24/7 noise, diesel generator testing, water draw in hot months, and transparency of tax deals. Community priorities include earlier notice and public hearings, third‑party environmental reviews, monitoring sensors for noise/air, and negotiated CBAs that fund local education, job training, and green space in buffer zones."
"San Jose, CA",18,"San Jose, CA shows a high cumulative footprint due to clustering of ~18 data centers. Key pressures include: (1) rapid electricity load growth requiring grid upgrades and potentially higher rates; (2) cooling energy and, where evaporative systems are used, sizable freshwater consumption and heat rejection; (3) backup‑generator NOx/PM during testing or grid events; (4) noise from chillers and rooftop equipment; (5) conversion of industrial/greenfield parcels into large warehouse campuses increasing impervious surface and traffic.","Recommended actions for San Jose, CA: update zoning to explicitly define data‑center use; apply overlay districts with buffers, height/noise standards and generator‑testing limits; require annual public reporting of electricity and water use; set performance standards (PUE/WUE targets), closed‑loop or non‑potable cooling where feasible; tie tax abatements to Community Benefit Agreements (CBAs) for workforce training, stormwater/road improvements and public Wi‑Fi; coordinate interconnection and capacity planning with utilities; encourage on‑site/near‑site renewable procurement or PPAs; deploy construction traffic management and heat‑island mitigation (trees, cool roofs).","Residents and local groups in San Jose, CA commonly raise concerns about 24/7 noise, diesel generator testing, water draw in hot months, and transparency of tax deals. Community priorities include earlier notice and public hearings, third‑party environmental reviews, monitoring sensors for noise/air, and negotiated CBAs that fund local education, job training, and green space in buffer zones."
"Plano, TX",16,"Plano, TX shows a high cumulative footprint due to clustering of ~16 data centers. Key pressures include: (1) rapid electricity load growth requiring grid upgrades and potentially higher rates; (2) cooling energy and, where evaporative systems are used, sizable freshwater consumption and heat rejection; (3) backup‑generator NOx/PM during testing or grid events; (4) noise from chillers and rooftop equipment; (5) conversion of industrial/greenfield parcels into large warehouse campuses increasing impervious surface and traffic.","Recommended actions for Plano, TX: update zoning to explicitly define data‑center use; apply overlay districts with buffers, height/noise standards and generator‑testing limits; require annual public reporting of electricity and water use; set performance standards (PUE/WUE targets), closed‑loop or non‑potable cooling where feasible; tie tax abatements to Community Benefit Agreements (CBAs) for workforce training, stormwater/road improvements and public Wi‑Fi; coordinate interconnection and capacity planning with utilities; encourage on‑site/near‑site renewable procurement or PPAs; deploy construction traffic management and heat‑island mitigation (trees, cool roofs).","Residents and local groups in Plano, TX commonly raise concerns about 24/7 noise, diesel generator testing, water draw in hot months, and transparency of tax deals. Community priorities include earlier notice and public hearings, third‑party environmental reviews, monitoring sensors for noise/air, and negotiated CBAs that fund local education, job training, and green space in buffer zones."
"Austin, TX",15,"Austin, TX shows a high cumulative footprint due to clustering of ~15 data centers. Key pressures include: (1) rapid electricity load growth requiring grid upgrades and potentially higher rates; (2) cooling energy and, where evaporative systems are used, sizable freshwater consumption and heat rejection; (3) backup‑generator NOx/PM during testing or grid events; (4) noise from chillers and rooftop equipment; (5) conversion of industrial/greenfield parcels into large warehouse campuses increasing impervious surface and traffic.","Recommended actions for Austin, TX: update zoning to explicitly define data‑center use; apply overlay districts with buffers, height/noise standards and generator‑testing limits; require annual public reporting of electricity and water use; set performance standards (PUE/WUE targets), closed‑loop or non‑potable cooling where feasible; tie tax abatements to Community Benefit Agreements (CBAs) for workforce training, stormwater/road improvements and public Wi‑Fi; coordinate interconnection and capacity planning with utilities; encourage on‑site/near‑site renewable procurement or PPAs; deploy construction traffic management and heat‑island mitigation (trees, cool roofs).","Residents and local groups in Austin, TX commonly raise concerns about 24/7 noise, diesel generator testing, water draw in hot months, and transparency of tax deals. Community priorities include earlier notice and public hearings, third‑party environmental reviews, monitoring sensors for noise/air, and negotiated CBAs that fund local education, job training, and green space in buffer zones."
"Secaucus, NJ",13,"Secaucus, NJ shows a high cumulative footprint due to clustering of ~13 data centers. Key pressures include: (1) rapid electricity load growth requiring grid upgrades and potentially higher rates; (2) cooling energy and, where evaporative systems are used, sizable freshwater consumption and heat rejection; (3) backup‑generator NOx/PM during testing or grid events; (4) noise from chillers and rooftop equipment; (5) conversion of industrial/greenfield parcels into large warehouse campuses increasing impervious surface and traffic.","Recommended actions for Secaucus, NJ: update zoning to explicitly define data‑center use; apply overlay districts with buffers, height/noise standards and generator‑testing limits; require annual public reporting of electricity and water use; set performance standards (PUE/WUE targets), closed‑loop or non‑potable cooling where feasible; tie tax abatements to Community Benefit Agreements (CBAs) for workforce training, stormwater/road improvements and public Wi‑Fi; coordinate interconnection and capacity planning with utilities; encourage on‑site/near‑site renewable procurement or PPAs; deploy construction traffic management and heat‑island mitigation (trees, cool roofs).","Residents and local groups in Secaucus, NJ commonly raise concerns about 24/7 noise, diesel generator testing, water draw in hot months, and transparency of tax deals. Community priorities include earlier notice and public hearings, third‑party environmental reviews, monitoring sensors for noise/air, and negotiated CBAs that fund local education, job training, and green space in buffer zones."
"Tampa, FL",12,"Tampa, FL shows a high cumulative footprint due to clustering of ~12 data centers. Key pressures include: (1) rapid electricity load growth requiring grid upgrades and potentially higher rates; (2) cooling energy and, where evaporative systems are used, sizable freshwater consumption and heat rejection; (3) backup‑generator NOx/PM during testing or grid events; (4) noise from chillers and rooftop equipment; (5) conversion of industrial/greenfield parcels into large warehouse campuses increasing impervious surface and traffic.","Recommended actions for Tampa, FL: update zoning to explicitly define data‑center use; apply overlay districts with buffers, height/noise standards and generator‑testing limits; require annual public reporting of electricity and water use; set performance standards (PUE/WUE targets), closed‑loop or non‑potable cooling where feasible; tie tax abatements to Community Benefit Agreements (CBAs) for workforce training, stormwater/road improvements and public Wi‑Fi; coordinate interconnection and capacity planning with utilities; encourage on‑site/near‑site renewable procurement or PPAs; deploy construction traffic management and heat‑island mitigation (trees, cool roofs).","Residents and local groups in Tampa, FL commonly raise concerns about 24/7 noise, diesel generator testing, water draw in hot months, and transparency of tax deals. Community priorities include earlier notice and public hearings, third‑party environmental reviews, monitoring sensors for noise/air, and negotiated CBAs that fund local education, job training, and green space in buffer zones."
"Denver, CO",12,"Denver, CO shows a high cumulative footprint due to clustering of ~12 data centers. Key pressures include: (1) rapid electricity load growth requiring grid upgrades and potentially higher rates; (2) cooling energy and, where evaporative systems are used, sizable freshwater consumption and heat rejection; (3) backup‑generator NOx/PM during testing or grid events; (4) noise from chillers and rooftop equipment; (5) conversion of industrial/greenfield parcels into large warehouse campuses increasing impervious surface and traffic.","Recommended actions for Denver, CO: update zoning to explicitly define data‑center use; apply overlay districts with buffers, height/noise standards and generator‑testing limits; require annual public reporting of electricity and water use; set performance standards (PUE/WUE targets), closed‑loop or non‑potable cooling where feasible; tie tax abatements to Community Benefit Agreements (CBAs) for workforce training, stormwater/road improvements and public Wi‑Fi; coordinate interconnection and capacity planning with utilities; encourage on‑site/near‑site renewable procurement or PPAs; deploy construction traffic management and heat‑island mitigation (trees, cool roofs).","Residents and local groups in Denver, CO commonly raise concerns about 24/7 noise, diesel generator testing, water draw in hot months, and transparency of tax deals. Community priorities include earlier notice and public hearings, third‑party environmental reviews, monitoring sensors for noise/air, and negotiated CBAs that fund local education, job training, and green space in buffer zones."
"Manassas, VA",12,"Manassas, VA shows a high cumulative footprint due to clustering of ~12 data centers. Key pressures include: (1) rapid electricity load growth requiring grid upgrades and potentially higher rates; (2) cooling energy and, where evaporative systems are used, sizable freshwater consumption and heat rejection; (3) backup‑generator NOx/PM during testing or grid events; (4) noise from chillers and rooftop equipment; (5) conversion of industrial/greenfield parcels into large warehouse campuses increasing impervious surface and traffic.","Recommended actions for Manassas, VA: update zoning to explicitly define data‑center use; apply overlay districts with buffers, height/noise standards and generator‑testing limits; require annual public reporting of electricity and water use; set performance standards (PUE/WUE targets), closed‑loop or non‑potable cooling where feasible; tie tax abatements to Community Benefit Agreements (CBAs) for workforce training, stormwater/road improvements and public Wi‑Fi; coordinate interconnection and capacity planning with utilities; encourage on‑site/near‑site renewable procurement or PPAs; deploy construction traffic management and heat‑island mitigation (trees, cool roofs).","Residents and local groups in Manassas, VA commonly raise concerns about 24/7 noise, diesel generator testing, water draw in hot months, and transparency of tax deals. Community priorities include earlier notice and public hearings, third‑party environmental reviews, monitoring sensors for noise/air, and negotiated CBAs that fund local education, job training, and green space in buffer zones."
"Richardson, TX",11,"Richardson, TX shows a moderate‑to‑high cumulative footprint due to clustering of ~11 data centers. Key pressures include: (1) rapid electricity load growth requiring grid upgrades and potentially higher rates; (2) cooling energy and, where evaporative systems are used, sizable freshwater consumption and heat rejection; (3) backup‑generator NOx/PM during testing or grid events; (4) noise from chillers and rooftop equipment; (5) conversion of industrial/greenfield parcels into large warehouse campuses increasing impervious surface and traffic.","Recommended actions for Richardson, TX: update zoning to explicitly define data‑center use; apply overlay districts with buffers, height/noise standards and generator‑testing limits; require annual public reporting of electricity and water use; set performance standards (PUE/WUE targets), closed‑loop or non‑potable cooling where feasible; tie tax abatements to Community Benefit Agreements (CBAs) for workforce training, stormwater/road improvements and public Wi‑Fi; coordinate interconnection and capacity planning with utilities; encourage on‑site/near‑site renewable procurement or PPAs; deploy construction traffic management and heat‑island mitigation (trees, cool roofs).","Residents and local groups in Richardson, TX commonly raise concerns about 24/7 noise, diesel generator testing, water draw in hot months, and transparency of tax deals. Community priorities include earlier notice and public hearings, third‑party environmental reviews, monitoring sensors for noise/air, and negotiated CBAs that fund local education, job training, and green space in buffer zones."
"Elk Grove Village, IL",11,"Elk Grove Village, IL shows a moderate‑to‑high cumulative footprint due to clustering of ~11 data centers. Key pressures include: (1) rapid electricity load growth requiring grid upgrades and potentially higher rates; (2) cooling energy and, where evaporative systems are used, sizable freshwater consumption and heat rejection; (3) backup‑generator NOx/PM during testing or grid events; (4) noise from chillers and rooftop equipment; (5) conversion of industrial/greenfield parcels into large warehouse campuses increasing impervious surface and traffic.","Recommended actions for Elk Grove Village, IL: update zoning to explicitly define data‑center use; apply overlay districts with buffers, height/noise standards and generator‑testing limits; require annual public reporting of electricity and water use; set performance standards (PUE/WUE targets), closed‑loop or non‑potable cooling where feasible; tie tax abatements to Community Benefit Agreements (CBAs) for workforce training, stormwater/road improvements and public Wi‑Fi; coordinate interconnection and capacity planning with utilities; encourage on‑site/near‑site renewable procurement or PPAs; deploy construction traffic management and heat‑island mitigation (trees, cool roofs).","Residents and local groups in Elk Grove Village, IL commonly raise concerns about 24/7 noise, diesel generator testing, water draw in hot months, and transparency of tax deals. Community priorities include earlier notice and public hearings, third‑party environmental reviews, monitoring sensors for noise/air, and negotiated CBAs that fund local education, job training, and green space in buffer zones."
"Philadelphia, PA",10,"Philadelphia, PA shows a moderate‑to‑high cumulative footprint due to clustering of ~10 data centers. Key pressures include: (1) rapid electricity load growth requiring grid upgrades and potentially higher rates; (2) cooling energy and, where evaporative systems are used, sizable freshwater consumption and heat rejection; (3) backup‑generator NOx/PM during testing or grid events; (4) noise from chillers and rooftop equipment; (5) conversion of industrial/greenfield parcels into large warehouse campuses increasing impervious surface and traffic.","Recommended actions for Philadelphia, PA: update zoning to explicitly define data‑center use; apply overlay districts with buffers, height/noise standards and generator‑testing limits; require annual public reporting of electricity and water use; set performance standards (PUE/WUE targets), closed‑loop or non‑potable cooling where feasible; tie tax abatements to Community Benefit Agreements (CBAs) for workforce training, stormwater/road improvements and public Wi‑Fi; coordinate interconnection and capacity planning with utilities; encourage on‑site/near‑site renewable procurement or PPAs; deploy construction traffic management and heat‑island mitigation (trees, cool roofs).","Residents and local groups in Philadelphia, PA commonly raise concerns about 24/7 noise, diesel generator testing, water draw in hot months, and transparency of tax deals. Community priorities include earlier notice and public hearings, third‑party environmental reviews, monitoring sensors for noise/air, and negotiated CBAs that fund local education, job training, and green space in buffer zones."
"Lithia Springs, GA",9,"Lithia Springs, GA shows a moderate‑to‑high cumulative footprint due to clustering of ~9 data centers. Key pressures include: (1) rapid electricity load growth requiring grid upgrades and potentially higher rates; (2) cooling energy and, where evaporative systems are used, sizable freshwater consumption and heat rejection; (3) backup‑generator NOx/PM during testing or grid events; (4) noise from chillers and rooftop equipment; (5) conversion of industrial/greenfield parcels into large warehouse campuses increasing impervious surface and traffic.","Recommended actions for Lithia Springs, GA: update zoning to explicitly define data‑center use; apply overlay districts with buffers, height/noise standards and generator‑testing limits; require annual public reporting of electricity and water use; set performance standards (PUE/WUE targets), closed‑loop or non‑potable cooling where feasible; tie tax abatements to Community Benefit Agreements (CBAs) for workforce training, stormwater/road improvements and public Wi‑Fi; coordinate interconnection and capacity planning with utilities; encourage on‑site/near‑site renewable procurement or PPAs; deploy construction traffic management and heat‑island mitigation (trees, cool roofs).","Residents and local groups in Lithia Springs, GA commonly raise concerns about 24/7 noise, diesel generator testing, water draw in hot months, and transparency of tax deals. Community priorities include earlier notice and public hearings, third‑party environmental reviews, monitoring sensors for noise/air, and negotiated CBAs that fund local education, job training, and green space in buffer zones."
"Charlotte, NC",9,"Charlotte, NC shows a moderate‑to‑high cumulative footprint due to clustering of ~9 data centers. Key pressures include: (1) rapid electricity load growth requiring grid upgrades and potentially higher rates; (2) cooling energy and, where evaporative systems are used, sizable freshwater consumption and heat rejection; (3) backup‑generator NOx/PM during testing or grid events; (4) noise from chillers and rooftop equipment; (5) conversion of industrial/greenfield parcels into large warehouse campuses increasing impervious surface and traffic.","Recommended actions for Charlotte, NC: update zoning to explicitly define data‑center use; apply overlay districts with buffers, height/noise standards and generator‑testing limits; require annual public reporting of electricity and water use; set performance standards (PUE/WUE targets), closed‑loop or non‑potable cooling where feasible; tie tax abatements to Community Benefit Agreements (CBAs) for workforce training, stormwater/road improvements and public Wi‑Fi; coordinate interconnection and capacity planning with utilities; encourage on‑site/near‑site renewable procurement or PPAs; deploy construction traffic management and heat‑island mitigation (trees, cool roofs).","Residents and local groups in Charlotte, NC commonly raise concerns about 24/7 noise, diesel generator testing, water draw in hot months, and transparency of tax deals. Community priorities include earlier notice and public hearings, third‑party environmental reviews, monitoring sensors for noise/air, and negotiated CBAs that fund local education, job training, and green space in buffer zones."
"San Antonio, TX",9,"San Antonio, TX shows a moderate‑to‑high cumulative footprint due to clustering of ~9 data centers. Key pressures include: (1) rapid electricity load growth requiring grid upgrades and potentially higher rates; (2) cooling energy and, where evaporative systems are used, sizable freshwater consumption and heat rejection; (3) backup‑generator NOx/PM during testing or grid events; (4) noise from chillers and rooftop equipment; (5) conversion of industrial/greenfield parcels into large warehouse campuses increasing impervious surface and traffic.","Recommended actions for San Antonio, TX: update zoning to explicitly define data‑center use; apply overlay districts with buffers, height/noise standards and generator‑testing limits; require annual public reporting of electricity and water use; set performance standards (PUE/WUE targets), closed‑loop or non‑potable cooling where feasible; tie tax abatements to Community Benefit Agreements (CBAs) for workforce training, stormwater/road improvements and public Wi‑Fi; coordinate interconnection and capacity planning with utilities; encourage on‑site/near‑site renewable procurement or PPAs; deploy construction traffic management and heat‑island mitigation (trees, cool roofs).","Residents and local groups in San Antonio, TX commonly raise concerns about 24/7 noise, diesel generator testing, water draw in hot months, and transparency of tax deals. Community priorities include earlier notice and public hearings, third‑party environmental reviews, monitoring sensors for noise/air, and negotiated CBAs that fund local education, job training, and green space in buffer zones."
"Reston, VA",7,"Reston, VA shows a moderate cumulative footprint due to clustering of ~7 data centers. Key pressures include: (1) rapid electricity load growth requiring grid upgrades and potentially higher rates; (2) cooling energy and, where evaporative systems are used, sizable freshwater consumption and heat rejection; (3) backup‑generator NOx/PM during testing or grid events; (4) noise from chillers and rooftop equipment; (5) conversion of industrial/greenfield parcels into large warehouse campuses increasing impervious surface and traffic.","Recommended actions for Reston, VA: update zoning to explicitly define data‑center use; apply overlay districts with buffers, height/noise standards and generator‑testing limits; require annual public reporting of electricity and water use; set performance standards (PUE/WUE targets), closed‑loop or non‑potable cooling where feasible; tie tax abatements to Community Benefit Agreements (CBAs) for workforce training, stormwater/road improvements and public Wi‑Fi; coordinate interconnection and capacity planning with utilities; encourage on‑site/near‑site renewable procurement or PPAs; deploy construction traffic management and heat‑island mitigation (trees, cool roofs).","Residents and local groups in Reston, VA commonly raise concerns about 24/7 noise, diesel generator testing, water draw in hot months, and transparency of tax deals. Community priorities include earlier notice and public hearings, third‑party environmental reviews, monitoring sensors for noise/air, and negotiated CBAs that fund local education, job training, and green space in buffer zones."
"San Diego, CA",7,"San Diego, CA shows a moderate cumulative footprint due to clustering of ~7 data centers. Key pressures include: (1) rapid electricity load growth requiring grid upgrades and potentially higher rates; (2) cooling energy and, where evaporative systems are used, sizable freshwater consumption and heat rejection; (3) backup‑generator NOx/PM during testing or grid events; (4) noise from chillers and rooftop equipment; (5) conversion of industrial/greenfield parcels into large warehouse campuses increasing impervious surface and traffic.","Recommended actions for San Diego, CA: update zoning to explicitly define data‑center use; apply overlay districts with buffers, height/noise standards and generator‑testing limits; require annual public reporting of electricity and water use; set performance standards (PUE/WUE targets), closed‑loop or non‑potable cooling where feasible; tie tax abatements to Community Benefit Agreements (CBAs) for workforce training, stormwater/road improvements and public Wi‑Fi; coordinate interconnection and capacity planning with utilities; encourage on‑site/near‑site renewable procurement or PPAs; deploy construction traffic management and heat‑island mitigation (trees, cool roofs).","Residents and local groups in San Diego, CA commonly raise concerns about 24/7 noise, diesel generator testing, water draw in hot months, and transparency of tax deals. Community priorities include earlier notice and public hearings, third‑party environmental reviews, monitoring sensors for noise/air, and negotiated CBAs that fund local education, job training, and green space in buffer zones."
"Englewood, CO",7,"Englewood, CO shows a moderate cumulative footprint due to clustering of ~7 data centers. Key pressures include: (1) rapid electricity load growth requiring grid upgrades and potentially higher rates; (2) cooling energy and, where evaporative systems are used, sizable freshwater consumption and heat rejection; (3) backup‑generator NOx/PM during testing or grid events; (4) noise from chillers and rooftop equipment; (5) conversion of industrial/greenfield parcels into large warehouse campuses increasing impervious surface and traffic.","Recommended actions for Englewood, CO: update zoning to explicitly define data‑center use; apply overlay districts with buffers, height/noise standards and generator‑testing limits; require annual public reporting of electricity and water use; set performance standards (PUE/WUE targets), closed‑loop or non‑potable cooling where feasible; tie tax abatements to Community Benefit Agreements (CBAs) for workforce training, stormwater/road improvements and public Wi‑Fi; coordinate interconnection and capacity planning with utilities; encourage on‑site/near‑site renewable procurement or PPAs; deploy construction traffic management and heat‑island mitigation (trees, cool roofs).","Residents and local groups in Englewood, CO commonly raise concerns about 24/7 noise, diesel generator testing, water draw in hot months, and transparency of tax deals. Community priorities include earlier notice and public hearings, third‑party environmental reviews, monitoring sensors for noise/air, and negotiated CBAs that fund local education, job training, and green space in buffer zones."
"Quincy, WA",7,"Quincy, WA shows a moderate cumulative footprint due to clustering of ~7 data centers. Key pressures include: (1) rapid electricity load growth requiring grid upgrades and potentially higher rates; (2) cooling energy and, where evaporative systems are used, sizable freshwater consumption and heat rejection; (3) backup‑generator NOx/PM during testing or grid events; (4) noise from chillers and rooftop equipment; (5) conversion of industrial/greenfield parcels into large warehouse campuses increasing impervious surface and traffic.","Recommended actions for Quincy, WA: update zoning to explicitly define data‑center use; apply overlay districts with buffers, height/noise standards and generator‑testing limits; require annual public reporting of electricity and water use; set performance standards (PUE/WUE targets), closed‑loop or non‑potable cooling where feasible; tie tax abatements to Community Benefit Agreements (CBAs) for workforce training, stormwater/road improvements and public Wi‑Fi; coordinate interconnection and capacity planning with utilities; encourage on‑site/near‑site renewable procurement or PPAs; deploy construction traffic management and heat‑island mitigation (trees, cool roofs).","Residents and local groups in Quincy, WA commonly raise concerns about 24/7 noise, diesel generator testing, water draw in hot months, and transparency of tax deals. Community priorities include earlier notice and public hearings, third‑party environmental reviews, monitoring sensors for noise/air, and negotiated CBAs that fund local education, job training, and green space in buffer zones."
"Pittsburgh, PA",7,"Pittsburgh, PA shows a moderate cumulative footprint due to clustering of ~7 data centers. Key pressures include: (1) rapid electricity load growth requiring grid upgrades and potentially higher rates; (2) cooling energy and, where evaporative systems are used, sizable freshwater consumption and heat rejection; (3) backup‑generator NOx/PM during testing or grid events; (4) noise from chillers and rooftop equipment; (5) conversion of industrial/greenfield parcels into large warehouse campuses increasing impervious surface and traffic.","Recommended actions for Pittsburgh, PA: update zoning to explicitly define data‑center use; apply overlay districts with buffers, height/noise standards and generator‑testing limits; require annual public reporting of electricity and water use; set performance standards (PUE/WUE targets), closed‑loop or non‑potable cooling where feasible; tie tax abatements to Community Benefit Agreements (CBAs) for workforce training, stormwater/road improvements and public Wi‑Fi; coordinate interconnection and capacity planning with utilities; encourage on‑site/near‑site renewable procurement or PPAs; deploy construction traffic management and heat‑island mitigation (trees, cool roofs).","Residents and local groups in Pittsburgh, PA commonly raise concerns about 24/7 noise, diesel generator testing, water draw in hot months, and transparency of tax deals. Community priorities include earlier notice and public hearings, third‑party environmental reviews, monitoring sensors for noise/air, and negotiated CBAs that fund local education, job training, and green space in buffer zones."
"Columbus, OH",7,"Columbus, OH shows a moderate cumulative footprint due to clustering of ~7 data centers. Key pressures include: (1) rapid electricity load growth requiring grid upgrades and potentially higher rates; (2) cooling energy and, where evaporative systems are used, sizable freshwater consumption and heat rejection; (3) backup‑generator NOx/PM during testing or grid events; (4) noise from chillers and rooftop equipment; (5) conversion of industrial/greenfield parcels into large warehouse campuses increasing impervious surface and traffic.","Recommended actions for Columbus, OH: update zoning to explicitly define data‑center use; apply overlay districts with buffers, height/noise standards and generator‑testing limits; require annual public reporting of electricity and water use; set performance standards (PUE/WUE targets), closed‑loop or non‑potable cooling where feasible; tie tax abatements to Community Benefit Agreements (CBAs) for workforce training, stormwater/road improvements and public Wi‑Fi; coordinate interconnection and capacity planning with utilities; encourage on‑site/near‑site renewable procurement or PPAs; deploy construction traffic management and heat‑island mitigation (trees, cool roofs).","Residents and local groups in Columbus, OH commonly raise concerns about 24/7 noise, diesel generator testing, water draw in hot months, and transparency of tax deals. Community priorities include earlier notice and public hearings, third‑party environmental reviews, monitoring sensors for noise/air, and negotiated CBAs that fund local education, job training, and green space in buffer zones."
"Mesa, AZ",7,"Mesa, AZ shows a moderate cumulative footprint due to clustering of ~7 data centers. Key pressures include: (1) rapid electricity load growth requiring grid upgrades and potentially higher rates; (2) cooling energy and, where evaporative systems are used, sizable freshwater consumption and heat rejection; (3) backup‑generator NOx/PM during testing or grid events; (4) noise from chillers and rooftop equipment; (5) conversion of industrial/greenfield parcels into large warehouse campuses increasing impervious surface and traffic.","Recommended actions for Mesa, AZ: update zoning to explicitly define data‑center use; apply overlay districts with buffers, height/noise standards and generator‑testing limits; require annual public reporting of electricity and water use; set performance standards (PUE/WUE targets), closed‑loop or non‑potable cooling where feasible; tie tax abatements to Community Benefit Agreements (CBAs) for workforce training, stormwater/road improvements and public Wi‑Fi; coordinate interconnection and capacity planning with utilities; encourage on‑site/near‑site renewable procurement or PPAs; deploy construction traffic management and heat‑island mitigation (trees, cool roofs).","Residents and local groups in Mesa, AZ commonly raise concerns about 24/7 noise, diesel generator testing, water draw in hot months, and transparency of tax deals. Community priorities include earlier notice and public hearings, third‑party environmental reviews, monitoring sensors for noise/air, and negotiated CBAs that fund local education, job training, and green space in buffer zones."
"El Segundo, CA",7,"El Segundo, CA shows a moderate cumulative footprint due to clustering of ~7 data centers. Key pressures include: (1) rapid electricity load growth requiring grid upgrades and potentially higher rates; (2) cooling energy and, where evaporative systems are used, sizable freshwater consumption and heat rejection; (3) backup‑generator NOx/PM during testing or grid events; (4) noise from chillers and rooftop equipment; (5) conversion of industrial/greenfield parcels into large warehouse campuses increasing impervious surface and traffic.","Recommended actions for El Segundo, CA: update zoning to explicitly define data‑center use; apply overlay districts with buffers, height/noise standards and generator‑testing limits; require annual public reporting of electricity and water use; set performance standards (PUE/WUE targets), closed‑loop or non‑potable cooling where feasible; tie tax abatements to Community Benefit Agreements (CBAs) for workforce training, stormwater/road improvements and public Wi‑Fi; coordinate interconnection and capacity planning with utilities; encourage on‑site/near‑site renewable procurement or PPAs; deploy construction traffic management and heat‑island mitigation (trees, cool roofs).","Residents and local groups in El Segundo, CA commonly raise concerns about 24/7 noise, diesel generator testing, water draw in hot months, and transparency of tax deals. Community priorities include earlier notice and public hearings, third‑party environmental reviews, monitoring sensors for noise/air, and negotiated CBAs that fund local education, job training, and green space in buffer zones."
"Salt Lake City, UT",6,"Salt Lake City, UT shows a moderate cumulative footprint due to clustering of ~6 data centers. Key pressures include: (1) rapid electricity load growth requiring grid upgrades and potentially higher rates; (2) cooling energy and, where evaporative systems are used, sizable freshwater consumption and heat rejection; (3) backup‑generator NOx/PM during testing or grid events; (4) noise from chillers and rooftop equipment; (5) conversion of industrial/greenfield parcels into large warehouse campuses increasing impervious surface and traffic.","Recommended actions for Salt Lake City, UT: update zoning to explicitly define data‑center use; apply overlay districts with buffers, height/noise standards and generator‑testing limits; require annual public reporting of electricity and water use; set performance standards (PUE/WUE targets), closed‑loop or non‑potable cooling where feasible; tie tax abatements to Community Benefit Agreements (CBAs) for workforce training, stormwater/road improvements and public Wi‑Fi; coordinate interconnection and capacity planning with utilities; encourage on‑site/near‑site renewable procurement or PPAs; deploy construction traffic management and heat‑island mitigation (trees, cool roofs).","Residents and local groups in Salt Lake City, UT commonly raise concerns about 24/7 noise, diesel generator testing, water draw in hot months, and transparency of tax deals. Community priorities include earlier notice and public hearings, third‑party environmental reviews, monitoring sensors for noise/air, and negotiated CBAs that fund local education, job training, and green space in buffer zones."
"Piscataway, NJ",6,"Piscataway, NJ shows a moderate cumulative footprint due to clustering of ~6 data centers. Key pressures include: (1) rapid electricity load growth requiring grid upgrades and potentially higher rates; (2) cooling energy and, where evaporative systems are used, sizable freshwater consumption and heat rejection; (3) backup‑generator NOx/PM during testing or grid events; (4) noise from chillers and rooftop equipment; (5) conversion of industrial/greenfield parcels into large warehouse campuses increasing impervious surface and traffic.","Recommended actions for Piscataway, NJ: update zoning to explicitly define data‑center use; apply overlay districts with buffers, height/noise standards and generator‑testing limits; require annual public reporting of electricity and water use; set performance standards (PUE/WUE targets), closed‑loop or non‑potable cooling where feasible; tie tax abatements to Community Benefit Agreements (CBAs) for workforce training, stormwater/road improvements and public Wi‑Fi; coordinate interconnection and capacity planning with utilities; encourage on‑site/near‑site renewable procurement or PPAs; deploy construction traffic management and heat‑island mitigation (trees, cool roofs).","Residents and local groups in Piscataway, NJ commonly raise concerns about 24/7 noise, diesel generator testing, water draw in hot months, and transparency of tax deals. Community priorities include earlier notice and public hearings, third‑party environmental reviews, monitoring sensors for noise/air, and negotiated CBAs that fund local education, job training, and green space in buffer zones."
"Centennial, CO",6,"Centennial, CO shows a moderate cumulative footprint due to clustering of ~6 data centers. Key pressures include: (1) rapid electricity load growth requiring grid upgrades and potentially higher rates; (2) cooling energy and, where evaporative systems are used, sizable freshwater consumption and heat rejection; (3) backup‑generator NOx/PM during testing or grid events; (4) noise from chillers and rooftop equipment; (5) conversion of industrial/greenfield parcels into large warehouse campuses increasing impervious surface and traffic.","Recommended actions for Centennial, CO: update zoning to explicitly define data‑center use; apply overlay districts with buffers, height/noise standards and generator‑testing limits; require annual public reporting of electricity and water use; set performance standards (PUE/WUE targets), closed‑loop or non‑potable cooling where feasible; tie tax abatements to Community Benefit Agreements (CBAs) for workforce training, stormwater/road improvements and public Wi‑Fi; coordinate interconnection and capacity planning with utilities; encourage on‑site/near‑site renewable procurement or PPAs; deploy construction traffic management and heat‑island mitigation (trees, cool roofs).","Residents and local groups in Centennial, CO commonly raise concerns about 24/7 noise, diesel generator testing, water draw in hot months, and transparency of tax deals. Community priorities include earlier notice and public hearings, third‑party environmental reviews, monitoring sensors for noise/air, and negotiated CBAs that fund local education, job training, and green space in buffer zones."
"San Francisco, CA",6,"San Francisco, CA shows a moderate cumulative footprint due to clustering of ~6 data centers. Key pressures include: (1) rapid electricity load growth requiring grid upgrades and potentially higher rates; (2) cooling energy and, where evaporative systems are used, sizable freshwater consumption and heat rejection; (3) backup‑generator NOx/PM during testing or grid events; (4) noise from chillers and rooftop equipment; (5) conversion of industrial/greenfield parcels into large warehouse campuses increasing impervious surface and traffic.","Recommended actions for San Francisco, CA: update zoning to explicitly define data‑center use; apply overlay districts with buffers, height/noise standards and generator‑testing limits; require annual public reporting of electricity and water use; set performance standards (PUE/WUE targets), closed‑loop or non‑potable cooling where feasible; tie tax abatements to Community Benefit Agreements (CBAs) for workforce training, stormwater/road improvements and public Wi‑Fi; coordinate interconnection and capacity planning with utilities; encourage on‑site/near‑site renewable procurement or PPAs; deploy construction traffic management and heat‑island mitigation (trees, cool roofs).","Residents and local groups in San Francisco, CA commonly raise concerns about 24/7 noise, diesel generator testing, water draw in hot months, and transparency of tax deals. Community priorities include earlier notice and public hearings, third‑party environmental reviews, monitoring sensors for noise/air, and negotiated CBAs that fund local education, job training, and green space in buffer zones."
"Boston, MA",6,"Boston, MA shows a moderate cumulative footprint due to clustering of ~6 data centers. Key pressures include: (1) rapid electricity load growth requiring grid upgrades and potentially higher rates; (2) cooling energy and, where evaporative systems are used, sizable freshwater consumption and heat rejection; (3) backup‑generator NOx/PM during testing or grid events; (4) noise from chillers and rooftop equipment; (5) conversion of industrial/greenfield parcels into large warehouse campuses increasing impervious surface and traffic.","Recommended actions for Boston, MA: update zoning to explicitly define data‑center use; apply overlay districts with buffers, height/noise standards and generator‑testing limits; require annual public reporting of electricity and water use; set performance standards (PUE/WUE targets), closed‑loop or non‑potable cooling where feasible; tie tax abatements to Community Benefit Agreements (CBAs) for workforce training, stormwater/road improvements and public Wi‑Fi; coordinate interconnection and capacity planning with utilities; encourage on‑site/near‑site renewable procurement or PPAs; deploy construction traffic management and heat‑island mitigation (trees, cool roofs).","Residents and local groups in Boston, MA commonly raise concerns about 24/7 noise, diesel generator testing, water draw in hot months, and transparency of tax deals. Community priorities include earlier notice and public hearings, third‑party environmental reviews, monitoring sensors for noise/air, and negotiated CBAs that fund local education, job training, and green space in buffer zones."
"Las Vegas, NV",6,"Las Vegas, NV shows a moderate cumulative footprint due to clustering of ~6 data centers. Key pressures include: (1) rapid electricity load growth requiring grid upgrades and potentially higher rates; (2) cooling energy and, where evaporative systems are used, sizable freshwater consumption and heat rejection; (3) backup‑generator NOx/PM during testing or grid events; (4) noise from chillers and rooftop equipment; (5) conversion of industrial/greenfield parcels into large warehouse campuses increasing impervious surface and traffic.","Recommended actions for Las Vegas, NV: update zoning to explicitly define data‑center use; apply overlay districts with buffers, height/noise standards and generator‑testing limits; require annual public reporting of electricity and water use; set performance standards (PUE/WUE targets), closed‑loop or non‑potable cooling where feasible; tie tax abatements to Community Benefit Agreements (CBAs) for workforce training, stormwater/road improvements and public Wi‑Fi; coordinate interconnection and capacity planning with utilities; encourage on‑site/near‑site renewable procurement or PPAs; deploy construction traffic management and heat‑island mitigation (trees, cool roofs).","Residents and local groups in Las Vegas, NV commonly raise concerns about 24/7 noise, diesel generator testing, water draw in hot months, and transparency of tax deals. Community priorities include earlier notice and public hearings, third‑party environmental reviews, monitoring sensors for noise/air, and negotiated CBAs that fund local education, job training, and green space in buffer zones."
"Irvine, CA",6,"Irvine, CA shows a moderate cumulative footprint due to clustering of ~6 data centers. Key pressures include: (1) rapid electricity load growth requiring grid upgrades and potentially higher rates; (2) cooling energy and, where evaporative systems are used, sizable freshwater consumption and heat rejection; (3) backup‑generator NOx/PM during testing or grid events; (4) noise from chillers and rooftop equipment; (5) conversion of industrial/greenfield parcels into large warehouse campuses increasing impervious surface and traffic.","Recommended actions for Irvine, CA: update zoning to explicitly define data‑center use; apply overlay districts with buffers, height/noise standards and generator‑testing limits; require annual public reporting of electricity and water use; set performance standards (PUE/WUE targets), closed‑loop or non‑potable cooling where feasible; tie tax abatements to Community Benefit Agreements (CBAs) for workforce training, stormwater/road improvements and public Wi‑Fi; coordinate interconnection and capacity planning with utilities; encourage on‑site/near‑site renewable procurement or PPAs; deploy construction traffic management and heat‑island mitigation (trees, cool roofs).","Residents and local groups in Irvine, CA commonly raise concerns about 24/7 noise, diesel generator testing, water draw in hot months, and transparency of tax deals. Community priorities include earlier notice and public hearings, third‑party environmental reviews, monitoring sensors for noise/air, and negotiated CBAs that fund local education, job training, and green space in buffer zones."
"Sunnyvale, CA",6,"Sunnyvale, CA shows a moderate cumulative footprint due to clustering of ~6 data centers. Key pressures include: (1) rapid electricity load growth requiring grid upgrades and potentially higher rates; (2) cooling energy and, where evaporative systems are used, sizable freshwater consumption and heat rejection; (3) backup‑generator NOx/PM during testing or grid events; (4) noise from chillers and rooftop equipment; (5) conversion of industrial/greenfield parcels into large warehouse campuses increasing impervious surface and traffic.","Recommended actions for Sunnyvale, CA: update zoning to explicitly define data‑center use; apply overlay districts with buffers, height/noise standards and generator‑testing limits; require annual public reporting of electricity and water use; set performance standards (PUE/WUE targets), closed‑loop or non‑potable cooling where feasible; tie tax abatements to Community Benefit Agreements (CBAs) for workforce training, stormwater/road improvements and public Wi‑Fi; coordinate interconnection and capacity planning with utilities; encourage on‑site/near‑site renewable procurement or PPAs; deploy construction traffic management and heat‑island mitigation (trees, cool roofs).","Residents and local groups in Sunnyvale, CA commonly raise concerns about 24/7 noise, diesel generator testing, water draw in hot months, and transparency of tax deals. Community priorities include earlier notice and public hearings, third‑party environmental reviews, monitoring sensors for noise/air, and negotiated CBAs that fund local education, job training, and green space in buffer zones."
"Tukwila, WA",6,"Tukwila, WA shows a moderate cumulative footprint due to clustering of ~6 data centers. Key pressures include: (1) rapid electricity load growth requiring grid upgrades and potentially higher rates; (2) cooling energy and, where evaporative systems are used, sizable freshwater consumption and heat rejection; (3) backup‑generator NOx/PM during testing or grid events; (4) noise from chillers and rooftop equipment; (5) conversion of industrial/greenfield parcels into large warehouse campuses increasing impervious surface and traffic.","Recommended actions for Tukwila, WA: update zoning to explicitly define data‑center use; apply overlay districts with buffers, height/noise standards and generator‑testing limits; require annual public reporting of electricity and water use; set performance standards (PUE/WUE targets), closed‑loop or non‑potable cooling where feasible; tie tax abatements to Community Benefit Agreements (CBAs) for workforce training, stormwater/road improvements and public Wi‑Fi; coordinate interconnection and capacity planning with utilities; encourage on‑site/near‑site renewable procurement or PPAs; deploy construction traffic management and heat‑island mitigation (trees, cool roofs).","Residents and local groups in Tukwila, WA commonly raise concerns about 24/7 noise, diesel generator testing, water draw in hot months, and transparency of tax deals. Community priorities include earlier notice and public hearings, third‑party environmental reviews, monitoring sensors for noise/air, and negotiated CBAs that fund local education, job training, and green space in buffer zones."
